{"cameraMode":{"drawMode":0,"name":"Shaded","section":"Shading Mode"},"sceneLighting":true,"audioPlay":false,"sceneViewState":{"showFog":true,"showMaterialUpdate":false,"showSkybox":true,"showFlares":true,"showImageEffects":true,"showParticleSystems":true},"in2DMode":false,"pivot":{"x":22.318470001220704,"y":15.27636432647705,"z":2.402810573577881},"rotation":{"x":-0.132904514670372,"y":0.695305347442627,"z":-0.1332232803106308,"w":-0.6936414241790772},"size":35.409385681152347,"orthographic":false}