{"cameraMode":{"drawMode":0,"name":"Shaded","section":"Shading Mode"},"sceneLighting":true,"audioPlay":false,"sceneViewState":{"showFog":true,"showMaterialUpdate":false,"showSkybox":true,"showFlares":true,"showImageEffects":true,"showParticleSystems":true},"in2DMode":false,"pivot":{"x":14.490224838256836,"y":2.262580633163452,"z":-8.427715301513672},"rotation":{"x":0.10572966933250427,"y":-0.6861100196838379,"z":0.10180798918008805,"w":0.7125373482704163},"size":7.061990261077881,"orthographic":false}